ankle_torque,q_knee,q_ankle,a_tibialis,a_soleus,a_gastrocnemius,fiber_length_tibialis,fiber_length_soleus,fiber_length_gastrocnemius,pennation_angle_tibialis,pennation_angle_soleus,pennation_angle_gastrocnemius,tendon_length_tibialis,tendon_length_soleus,tendon_length_gastrocnemius
-0.14000840868805908,0.0,-25.0,0.01,0.01,0.01,0.09674792499509972,0.0269598722559045,0.030900037585054763,4.997753447165158,50.135999318641446,25.27446204547638,0.22155047254955793,0.24535951195316458,0.3765400186411268
-0.07993334990770844,0.0,-24.000000000000004,0.01,0.01,0.01,0.096058425191957,0.027563025529845166,0.03173505443797927,5.033719176879168,48.65725798371691,24.56471442491245,0.22155006241679362,0.2453664648472328,0.3765453389404058
0.0002668327349940325,0.0,-23.0,0.01,0.01,0.01,0.09536371198339612,0.028182560696680414,0.03257414432484517,5.070484895993405,47.24534975707584,23.89188226652331,0.22154951057062594,0.24537527295619888,0.3765532339795911
0.10233894564684057,0.0,-22.0,0.01,0.01,0.01,0.09466387238359947,0.028817081115437373,0.03341603274678447,5.108069696513545,45.89780638132266,23.254007364512134,0.22154881901105847,0.24538589935799354,0.37656440802364005
0.22581835653257729,0.0,-21.0,0.01,0.01,0.01,0.0939589931722159,0.0294653999736118,0.03425974122853319,5.146493377575099,44.61178640356723,22.649032713086722,0.22154799179669624,0.245398107228485,0.37657926484200166
0.3677988965997114,0.0,-20.0,0.01,0.01,0.01,0.0932491629446074,0.03012653582013691,0.03510472320837264,5.185776374019299,43.38421688440186,22.07476319945855,0.22154703304773585,0.2454114862830894,0.3765977666043752
0.5232761186280339,0.0,-19.0,0.01,0.01,0.01,0.09253447086424646,0.03079967627265657,0.03595088798351144,5.225939842151328,42.21195237626316,21.52891071195329,0.22154594826219076,0.24542551391273318,0.3766194148995486
0.6859359252383923,0.0,-18.0,0.01,0.01,0.01,0.09181500816296527,0.03148412136897412,0.03679851759273937,5.267005612676728,41.0919198746883,21.009192587159436,0.2215447428781645,0.24543963326738238,0.3766433451578303
0.8491211229914972,0.0,-17.0,0.01,0.01,0.01,0.09109086606598354,0.03217922142059355,0.03764811894503343,5.308996321866094,40.021226854380885,20.513440404607852,0.22154342442881533,0.24545332918115478,0.3766684869983071
1.0067366286905426,0.0,-16.0,0.01,0.01,0.01,0.09036213792496149,0.03288432270580628,0.03850026086701415,5.351935332944387,38.99722256142227,20.039686581385496,0.22154200047760997,0.24546618710988302,0.37669373697586145
1.1539177697218765,0.0,-14.999999999999998,0.01,0.01,0.01,0.08962891855427635,0.03359872905451627,0.03935543407989614,5.3958468007844065,38.017515477664986,19.586213832446145,0.2215404793678194,0.24547792806300492,0.3767181039856144
1.2873904529568132,0.0,-14.0,0.01,0.01,0.01,0.08889130439304233,0.03432168376243277,0.04021395292635352,5.4407556864806805,37.07995586034635,19.15156771612528,0.2215388701423948,0.24548841712220987,0.37674080858543324
1.405540033965936,0.0,-13.0,0.01,0.01,0.01,0.08814939386839998,0.0350523692534119,0.04107590476917923,5.486687774044657,36.18259800488144,18.73453971959612,0.2215371822748776,0.24549765119535227,0.3767613312202292
1.5082371111602706,0.0,-12.000000000000002,0.01,0.01,0.01,0.08740328757981707,0.03578992169222667,0.04194114186724368,5.5336696862986345,35.32365349955974,18.334131671122208,0.22153542557982073,0.24550573097768444,0.37677941583945546
1.5965289874871598,0.0,-11.0,0.01,0.01,0.01,0.0866530885897699,0.03653345213656091,0.042809304765995156,5.581728898383049,34.50144785178121,17.94951187757321,0.22153361002477595,0.24551282791119622,0.37679504110699547
1.6722424539513,0.0,-10.0,0.01,0.01,0.01,0.08589890273757017,0.03728207260350392,0.04367986742337839,5.6308937482599974,33.714383436182565,17.579970387095965,0.22153174552506993,0.24551914805702202,0.3768083698343551
1.7375948980015035,0.0,-9.0,0.01,0.01,0.01,0.08514083899148635,0.0380349201564021,0.044552191047349574,5.6811934435784455,32.960912665586726,17.22487945922485,0.2215298417069593,0.24552490084188747,0.3768196903769225
1.7948712705064018,0.0,-8.0,0.01,0.01,0.01,0.08437900984034778,0.03879117381589366,0.04542557918602483,5.732658064277779,32.23952624928749,16.88366170920247,0.2215279076384121,0.24553027746823008,0.3768293577174554
1.8461626947996403,0.0,-7.0,0.01,0.01,0.01,0.08361353172500774,0.0395500696959691,0.04629932231666206,5.785318560280558,31.548744084449385,16.555768310142472,0.22152595152760343,0.2455354330055835,0.37683774628398564
1.8931999754131663,0.0,-6.000000000000001,0.01,0.01,0.01,0.08284452562953912,0.04031090701050842,0.04717273684737492,5.83920673618984,30.887117458441963,16.24066418069265,0.22152398026919767,0.245540479179927,0.3768452091704118
1.9372679771740562,0.0,-5.0,0.01,0.01,0.01,0.08207211711254579,0.041073050036699615,0.048045189234792285,5.894355266414501,30.253233318391015,15.937821119222614,0.2215219995619011,0.24554548209104438,0.3768520531230743
1.9791854984151875,0.0,-4.0,0.01,0.01,0.01,0.08129643755729747,0.04183592574553463,0.048916111124798184,5.950797630993789,29.645720681556817,15.646714880663522,0.2215200128109384,0.24555046474226572,0.3768585234524321
2.019335690947513,0.0,-3.0000000000000004,0.01,0.01,0.01,0.08051762428172882,0.04259901854020567,0.049785003240686625,6.008568115231848,29.063257285050103,15.36682761471946,0.2215180211858862,0.24555541261099165,0.37686479962037306
2.0577241792952154,0.0,-2.0,0.01,0.01,0.01,0.0797358212460301,0.04336186323127133,0.05065143562076692,6.06770176649816,28.504575454547172,15.097649282787986,0.22151602308882654,0.24556028092396173,0.3768709959716799
2.0940552120094362,0.0,-1.0,0.01,0.01,0.01,0.07895117966001207,0.044124037566071424,0.05151504104259787,6.128234349670168,27.968466434563993,14.83868185006057,0.22151401373454732,0.24556500216518456,0.3768771683958369
2.1278228071420613,0.0,0.0,0.01,0.01,0.01,0.07816385858994765,0.04488515317790218,0.052375506747887504,6.190202294374796,27.45378396753983,14.589442573728602,0.2215119847434086,0.2455694951102285,0.3768833230660542
2.1583797888183405,0.0,1.0,0.01,0.01,0.01,0.07737402554833733,0.04564484971661416,0.05323256484388052,6.253642634349717,26.959444845436913,14.349466943775088,0.22150992376435286,0.24557367015392348,0.37688942638094075
2.185022141717919,0.0,2.0,0.01,0.01,0.01,0.07658185704615945,0.04640278655767839,0.054085982563953305,6.3185929396839065,26.484429777066193,14.118310939528405,0.22150781414950815,0.2455774372130022,0.3768954149674762
2.207046720203155,0.0,3.0000000000000004,0.01,0.01,0.01,0.07578753892772683,0.047158637641231724,0.05493555303976523,6.385091254538004,26.02778192326773,13.895552560501605,0.22150563486224698,0.24558071010119156,0.37690120508834457
2.223804757355561,0.0,4.0,0.01,0.01,0.01,0.07499126748185372,0.04791208630341445,0.05578108738345489,6.453175968033061,25.588605050063297,13.680792600425825,0.22150335962061468,0.2455834109055818,0.3769067006506537
2.234742010362341,0.0,5.0,0.01,0.01,0.01,0.0741932484746609,0.04866282133542315,0.05662240656348483,6.522885825649344,25.166060882268976,13.473655081925749,0.22150095814765303,0.2455854730342427,0.37691180138563274
2.392875369689216,0.0,6.000000000000001,0.01,0.01,0.01,0.07339369825207706,0.0493880680298404,0.05745933713716823,6.594259782012457,24.771386940138147,13.273786700863646,0.22149839535917265,0.24561158467816255,0.37691640705010376
2.6871641286943935,0.0,7.0,0.01,0.01,0.01,0.07259284337795101,0.05008854869516179,0.05829170446886083,6.667336951406632,24.402178833883436,13.08085658650702,0.22149563204376957,0.24566035049157017,0.37692042418921856
2.997320388141058,0.0,8.0,0.01,0.01,0.01,0.0717909203093831,0.05078131491053539,0.05911933057498101,6.7421565509431085,24.048070666473926,12.894555122730461,0.2214926255269319,0.24571255079923246,0.3769237681546723
3.324083309144113,0.0,9.0,0.01,0.01,0.01,0.07098817481261667,0.05146586120193035,0.05994203066182448,6.818757860821518,23.708447135882462,12.714593003005257,0.2214893306192277,0.2457683760814115,0.376926366463694
3.668218249980643,0.0,10.0,0.01,0.01,0.01,0.07018486110311152,0.05214169403139732,0.06075961143277833,6.897180206819828,23.382726368259966,12.540699998434503,0.2214857008669117,0.24582801562410103,0.37692816035350263
4.145730634139735,0.0,11.0,0.01,0.01,0.01,0.06938124064767764,0.05280833618421992,0.06152824150006175,6.97746297474689,23.070355990401985,12.381535992548116,0.22148169016946403,0.24589165222355552,0.376973772364877
4.698153586476463,0.0,12.000000000000002,0.01,0.01,0.01,0.06857758126837762,0.053465331328708024,0.06226944384869401,7.0596456065812605,22.770809568021896,12.231861681115776,0.22147725412227903,0.24595945680740325,0.3770408539029007
5.279263233702796,0.0,13.0,0.01,0.01,0.01,0.06777415390528634,0.054112248514404444,0.06300052322337417,7.143767812494678,22.483583456155827,12.08776168950952,0.22147235374704202,0.24603158321226107,0.37711143249341444
5.889606057900594,0.0,14.0,0.01,0.01,0.01,0.06697123225197729,0.0547486868363404,0.06372112521759943,7.229869554823696,22.20819393928616,11.949036021444853,0.22146695636409025,0.24610816286237172,0.377185630743341
6.529517101665113,0.0,14.999999999999998,0.01,0.01,0.01,0.06616908986085879,0.055374278183971885,0.0644309066492311,7.317991272361913,21.94417531100033,11.815494130360365,0.22146103904723397,0.246189301559896,0.37726356416083634
7.199074141406458,0.0,16.0,0.01,0.01,0.01,0.06536799809366509,0.055988691593988234,0.0651295398400478,7.4081740583184805,21.691077630675196,11.686953710890364,0.22145459126600073,0.24627507460995424,0.37734533674045145
7.8980717156592775,0.0,17.0,0.01,0.01,0.01,0.06456822416053022,0.0565916350728206,0.06581671552802501,7.500459854786851,21.44846550765479,11.56323979984679,0.22144761747876782,0.2463655246870027,0.3774310379540798
8.625994833399044,0.0,18.0,0.01,0.01,0.01,0.06377002963132554,0.05718285736872161,0.06649214604047406,7.5948916230717485,21.215917002631777,11.444183930629094,0.22144013929216086,0.24646065977730616,0.377520739485725
9.381999153531646,0.0,19.0,0.01,0.01,0.01,0.06297366879649487,0.057762148777272905,0.06715556798228725,7.691513544229373,20.993022905514497,11.329623435001238,0.22143219781583567,0.24656045216574746,0.3776144924682077
10.164900335622184,0.0,20.0,0.01,0.01,0.01,0.06217938888403745,0.058329341076373664,0.06780674446288425,7.790371035946718,20.77938630677823,11.219400871825638,0.22142385419178193,0.246664838353899,0.3777123251955802
-3.3229769941595353,0.0,-25.0,0.1,0.01,0.01,0.094896217857894,0.0269598722559045,0.030900037585054763,5.095529895621987,50.135999318641446,25.27446204547638,0.22340938523862974,0.24535951195316458,0.3765400186411268
-6.806299230543922,0.0,-25.0,0.2,0.01,0.01,0.09334823541274868,0.0269598722559045,0.030900037585054763,5.18025754522241,50.135999318641446,25.27446204547638,0.2249636120576782,0.24535951195316458,0.3765400186411268
-10.233627855187049,0.0,-25.0,0.3,0.01,0.01,0.09212529372813766,0.0269598722559045,0.030900037585054763,5.249216019758705,50.135999318641446,25.27446204547638,0.22619163624605199,0.24535951195316458,0.3765400186411268
-13.610647759345259,0.0,-25.0,0.4,0.01,0.01,0.09111589055180143,0.0269598722559045,0.030900037585054763,5.307534048717319,50.135999318641446,25.27446204547638,0.22720533790325098,0.24535951195316458,0.3765400186411268
-29.928533616095002,0.0,-25.0,0.9,0.01,0.01,0.08771892049491598,0.0269598722559045,0.030900037585054763,5.51369646102752,50.135999318641446,25.27446204547638,0.2306175053337138,0.24535951195316458,0.3765400186411268
1.746185093649242,0.0,-25.0,0.01,0.1,0.1082177012392873,0.09674792499509972,0.026839899820382637,0.030708839921653474,4.997753447165158,50.44368310508963,25.44301119190287,0.22155047254955793,0.24554728968483902,0.3767516035827088
3.483282667059602,0.0,-25.0,0.01,0.2,0.1861872028258322,0.09674792499509972,0.02672349906449244,0.030569521183154452,4.997753447165158,50.74679737778793,25.567305593576158,0.22155047254955793,0.24573065663008445,0.3769059653283207
5.128244566935586,0.0,-25.0,0.01,0.3,0.2724584114361717,0.09674792499509972,0.02662052797338107,0.03042562690214266,4.997753447165158,51.018814713014685,25.697014566389093,0.22155047254955793,0.24589386694382517,0.3770655658248627
6.722194807666186,0.0,-25.0,0.01,0.4,0.3709916581317118,0.09674792499509972,0.026527988134639198,0.030272119698916522,4.997753447165158,51.26646120375292,25.836906492123642,0.22155047254955793,0.246041367775123,0.3772360213735189
13.738556695711532,0.0,-25.0,0.01,0.9,0.9187962143520164,0.09674792499509972,0.026165543022752587,0.02955899517647545,4.997753447165158,52.266863624510414,26.508148403080927,0.22155047254955793,0.2466270059718318,0.3780306020525371
2.032143492852784,0.0,-25.0,0.01,0.1247653346366633,0.1,0.09674792499509972,0.0268096087059541,0.03072411329380332,4.997753447165158,50.522122553243044,25.429461253871672,0.22155047254955793,0.24559489415179594,0.3767346907450598
3.637576965114806,0.0,-25.0,0.01,0.2063981465460308,0.2,0.09674792499509972,0.026716546759098663,0.030545810084096344,4.997753447165158,50.76504750912715,25.5885854672469,0.22155047254955793,0.24574164624041617,0.37693225261294044
5.4261268980262765,0.0,-25.0,0.01,0.3137697936590399,0.3,0.09674792499509972,0.02660722059078572,0.03038164645184302,4.997753447165158,51.05423924619476,25.7369329003337,0.22155047254955793,0.24591502924773118,0.3771143815414818
6.892262524601229,0.0,-25.0,0.01,0.4026174994879254,0.4,0.09674792499509972,0.02652568565720003,0.030228830527679586,4.997753447165158,51.272661970115095,25.876643036424614,0.22155047254955793,0.24604504786949907,0.37728412648206416
13.871707102347894,0.0,-25.0,0.01,0.9261043454272662,0.9,0.09674792499509972,0.02614983040688262,0.02958056868937892,4.997753447165158,52.31137641978442,26.487308843992224,0.22155047254955793,0.2466526937246839,0.3780064962778552
-1.5217137426487446,0.0,-10.0,0.1,0.01,0.01,0.08419262476514663,0.03728207260350392,0.04367986742337839,5.745391646600256,33.714383436182565,17.579970387095965,0.22324646575195436,0.24551914805702202,0.3768083698343551
-4.959559779774936,0.0,-10.0,0.2,0.01,0.01,0.08276089552324507,0.03728207260350392,0.04367986742337839,5.845127815055658,33.714383436182565,17.579970387095965,0.22468554951348318,0.24551914805702202,0.3768083698343551
-8.314934725501383,0.0,-10.0,0.3,0.01,0.01,0.08162141933230019,0.03728207260350392,0.04367986742337839,5.9270190353964,33.714383436182565,17.579970387095965,0.22583106483028983,0.24551914805702202,0.3768083698343551
-11.607996374795144,0.0,-10.0,0.4,0.01,0.01,0.08067401438740575,0.03728207260350392,0.04367986742337839,5.996877480431216,33.714383436182565,17.579970387095965,0.2267836218884931,0.24551914805702202,0.3768083698343551
-27.450707593289675,0.0,-10.0,0.9,0.01,0.01,0.07744056430472471,0.03728207260350392,0.04367986742337839,6.248247945699662,33.714383436182565,17.579970387095965,0.23003561348355983,0.24551914805702202,0.3768083698343551
18.884582020397847,0.0,-10.0,0.01,0.1,0.1082177012392873,0.08589890273757017,0.03614644873198308,0.04159405797187044,5.6308937482599974,34.92415153705563,18.492639571538433,0.22153174552506993,0.246894070675505,0.37900190216866747
33.35826202994125,0.0,-10.0,0.01,0.2,0.1861872028258322,0.08589890273757017,0.03521833028281217,0.04049546550063071,5.6308937482599974,35.98536345410115,19.01329900288213,0.22153174552506993,0.24803341329345144,0.38016207273120145
46.27430557737743,0.0,-10.0,0.01,0.3,0.2724584114361717,0.08589890273757017,0.03450971586571703,0.03960879446030854,5.6308937482599974,36.84438848520302,19.455862339719133,0.22153174552506993,0.24891393964022882,0.38110115910917575
57.97640574392715,0.0,-10.0,0.01,0.4,0.3709916581317118,0.08589890273757017,0.03394708122773821,0.03885472520739296,5.6308937482599974,37.55929838657884,19.849144939103212,0.22153174552506993,0.24962030033866256,0.3819018653280229
101.24183918945084,0.0,-10.0,0.01,0.9,0.9187962143520164,0.08589890273757017,0.032236450996270365,0.03666551565355674,5.6308937482599974,39.93586483587218,21.089033378981473,0.22153174552506993,0.25181319487068643,0.3842384781586396
21.01564746265416,0.0,-10.0,0.01,0.1247653346366633,0.1,0.08589890273757017,0.03589027600263354,0.04173296775704062,5.6308937482599974,35.21020070561843,18.428867598742304,0.22153174552506993,0.2472070560186952,0.3788554564214781
34.63901974182288,0.0,-10.0,0.01,0.2063981465460308,0.2,0.08589890273757017,0.035167423380191735,0.04033441996411133,5.6308937482599974,36.045612808086965,19.092148305333787,0.22153174552506993,0.24809635003987765,0.38033245183778935
48.51338223085865,0.0,-10.0,0.01,0.3137697936590399,0.3,0.08589890273757017,0.034424783028319784,0.039375549700776336,5.6308937482599974,36.95038383171711,19.575799329150197,0.22153174552506993,0.24902014386858687,0.3813486205921586
59.089806664259285,0.0,-10.0,0.01,0.4026174994879254,0.4,0.08589890273757017,0.033933876782950394,0.03866911643032256,5.6308937482599974,37.576444676148725,19.948454220417037,0.22153174552506993,0.2496369593309409,0.38209925939770867
102.27547371019003,0.0,-10.0,0.01,0.9261043454272662,0.9,0.08589890273757017,0.032175828514713754,0.0367133841847279,5.6308937482599974,40.026300528195456,21.060226426519172,0.22153174552506993,0.25189230996069545,0.3841871783295429
-0.9093593896202357,0.0,0.0,0.1,0.01,0.01,0.07658962145149546,0.04488515317790218,0.052375506747887504,6.317949772334971,27.45378396753983,14.589442573728602,0.2230956459191742,0.2455694951102285,0.3768833230660542
-4.16625817003859,0.0,0.0,0.2,0.01,0.01,0.07525051081621179,0.04488515317790218,0.052375506747887504,6.430850327704034,27.45378396753983,14.589442573728602,0.22444308628661214,0.2455694951102285,0.3768833230660542
-7.32420199031244,0.0,0.0,0.3,0.01,0.01,0.07417853743565903,0.04488515317790218,0.052375506747887504,6.524185059913829,27.45378396753983,14.589442573728602,0.22552194654072916,0.2455694951102285,0.3768833230660542
-10.396336817300686,0.0,0.0,0.4,0.01,0.01,0.07328660955638217,0.04488515317790218,0.052375506747887504,6.603938387925278,27.45378396753983,14.589442573728602,0.2264197596711662,0.2455694951102285,0.3768833230660542
-24.680499114095845,0.0,0.0,0.9,0.01,0.01,0.07027599397605362,0.04488515317790218,0.052375506747887504,6.888192676129986,27.45378396753983,14.589442573728602,0.22945135516192294,0.2455694951102285,0.3768833230660542
24.007563822264082,0.0,0.0,0.01,0.1,0.1082177012392873,0.07816385858994765,0.043355249950311106,0.049581623242282,6.190202294374796,28.509321777560157,15.43142735042679,0.2215119847434086,0.2473018477063394,0.37977582723343617
43.86019838133102,0.0,0.0,0.01,0.2,0.1861872028258322,0.07816385858994765,0.04210319808315242,0.047935789340457516,6.190202294374796,29.438929511929196,15.975166219385015,0.2215119847434086,0.2487329810989627,0.3814854523568595
63.21801215578438,0.0,0.0,0.01,0.3,0.2724584114361717,0.07816385858994765,0.04112467456459517,0.046476437140592554,6.190202294374796,30.211291764870776,16.490871030062127,0.2215119847434086,0.24986087463671247,0.38300538532887535
82.39882289205369,0.0,0.0,0.01,0.4,0.3709916581317118,0.07816385858994765,0.040321945733114616,0.04513984366888056,6.190202294374796,30.87773509978622,16.99377235958556,0.2215119847434086,0.25079292644279794,0.3844011316521931
165.70654584725926,0.0,0.0,0.01,0.9,0.9187962143520164,0.07816385858994765,0.03766543139479376,0.041051494702702654,6.190202294374796,33.32612956190746,18.746094829728058,0.2215119847434086,0.25392820616185724,0.3886962165778346
26.612858710793073,0.0,0.0,0.01,0.1247653346366633,0.1,0.07816385858994765,0.04301130354332836,0.04977885818595456,6.190202294374796,28.758481746173914,15.368771446655153,0.2215119847434086,0.24769371936877718,0.37957124684899207
45.81725662732819,0.0,0.0,0.01,0.2063981465460308,0.2,0.07816385858994765,0.042033795622914566,0.04767998876531376,6.190202294374796,29.492333595332568,16.063183752270227,0.2215119847434086,0.24881269439326936,0.38175158702665685
66.98825334876372,0.0,0.0,0.01,0.3137697936590399,0.3,0.07816385858994765,0.04100520633782343,0.046071848915335625,6.190202294374796,30.308539864485745,16.639882128664198,0.2215119847434086,0.2499991882898193,0.3834274927647812
84.71842667617977,0.0,0.0,0.01,0.4026174994879254,0.4,0.07816385858994765,0.04030275883913485,0.044799341966442294,6.190202294374796,30.894046890183553,17.126908227364584,0.2215119847434086,0.2508152838040578,0.38475730611239173
167.55028090621343,0.0,0.0,0.01,0.9261043454272662,0.9,0.07816385858994765,0.03756446993650445,0.04113852220028694,6.190202294374796,33.42744356830105,18.70496455751917,0.2215119847434086,0.2540491077861389,0.38860432501996933
1.020018131749682,0.0,10.0,0.1,0.01,0.01,0.06881596026811036,0.05214169403139732,0.06075961143277833,7.035067081718426,23.382726368259966,12.540699998434503,0.22286478103391336,0.24582801562410103,0.37692816035350263
-1.6973070663254741,0.0,10.0,0.2,0.01,0.01,0.0676666423592602,0.05214169403139732,0.06075961143277833,7.155177451354807,23.382726368259966,12.540699998434503,0.22402296717191764,0.24582801562410103,0.37692816035350263
-4.215522003350283,0.0,10.0,0.3,0.01,0.01,0.06676228233330202,0.05214169403139732,0.06075961143277833,7.252618752571579,23.382726368259966,12.540699998434503,0.2249345225321367,0.24582801562410103,0.37692816035350263
-6.564732169663835,0.0,10.0,0.4,0.01,0.01,0.06602232654387998,0.05214169403139732,0.06075961143277833,7.334348027625503,23.382726368259966,12.540699998434503,0.22568051403412523,0.24582801562410103,0.37692816035350263
-16.4658479990678,0.0,10.0,0.9,0.01,0.01,0.06361184203248474,0.05214169403139732,0.06075961143277833,7.613890144470962,23.382726368259966,12.540699998434503,0.2281116469595393,0.24582801562410103,0.37692816035350263
26.02701687370779,0.0,10.0,0.01,0.1,0.1082177012392873,0.07018486110311152,0.05052738297533362,0.05756026313117851,6.897180206819828,24.176627153411975,13.250088112955705,0.2214857008669117,0.24759204956737532,0.380210223821026
47.3949779700708,0.0,10.0,0.01,0.2,0.1861872028258322,0.07018486110311152,0.04910237968459861,0.05569182817673009,6.897180206819828,24.925314201191323,13.703146771575945,0.2214857008669117,0.24915865622254585,0.3821315476131991
69.22111128970806,0.0,10.0,0.01,0.3,0.2724584114361717,0.07018486110311152,0.04793680444063268,0.054042043505661295,6.897180206819828,25.574458003350856,14.130028292972469,0.2214857008669117,0.2504473386465376,0.38383121124500635
91.26815061829494,0.0,10.0,0.01,0.4,0.3709916581317118,0.07018486110311152,0.0469866944901032,0.05250672917570394,6.897180206819828,26.130214598146015,14.552175436002141,0.2214857008669117,0.2515030968157,0.38541589665748527
195.46202895956054,0.0,10.0,0.01,0.9,0.9187962143520164,0.07018486110311152,0.04389800427329819,0.04713439010275775,6.897180206819828,28.125236791605836,16.25424305342956,0.2214857008669117,0.25497303950149636,0.3909877823019233
28.681202102366843,0.0,10.0,0.01,0.1247653346366633,0.1,0.07018486110311152,0.05014225725948836,0.05778561248032125,6.897180206819828,24.374340024740185,13.197480500131013,0.2214857008669117,0.24801453080663696,0.3799787363809772
49.553286340974,0.0,10.0,0.01,0.2063981465460308,0.2,0.07018486110311152,0.04902195708024901,0.05540289472999258,6.897180206819828,24.96900399412197,13.776016305970574,0.2214857008669117,0.24924735463368491,0.3824289922998095
73.52172875402445,0.0,10.0,0.01,0.3137697936590399,0.3,0.07018486110311152,0.04779478728122666,0.05358158619868684,6.897180206819828,25.655961819663112,14.254012704833945,0.2214857008669117,0.2506048348440709,0.3843061640784629
94.02929163974291,0.0,10.0,0.01,0.4026174994879254,0.4,0.07018486110311152,0.04696410908511605,0.05210672537404371,6.897180206819828,26.143731961015934,14.666382379161641,0.2214857008669117,0.2515282547867493,0.38582926515183485
197.21197215769035,0.0,10.0,0.01,0.9261043454272662,0.9,0.07018486110311152,0.043780719809073464,0.04726652453973265,6.897180206819828,28.20731119679619,16.20755001922588,0.2214857008669117,0.25510607818243597,0.39085016278890683
8.521826159520957,0.0,20.0,0.1,0.01,0.01,0.061284979373571094,0.058329341076373664,0.06780674446288425,7.9047873692432855,20.77938630677823,11.219400871825638,0.22232671876478768,0.246664838353899,0.3777123251955802
6.961629613550096,0.0,20.0,0.2,0.01,0.01,0.06054000358518357,0.058329341076373664,0.06780674446288425,8.002693397418568,20.77938630677823,11.219400871825638,0.22307893047372337,0.246664838353899,0.3777123251955802
5.597967660088427,0.0,20.0,0.3,0.01,0.01,0.05995457690828007,0.058329341076373664,0.06780674446288425,8.081355488654909,20.77938630677823,11.219400871825638,0.22367017143965526,0.246664838353899,0.3777123251955802
4.3796016612431625,0.0,20.0,0.4,0.01,0.01,0.05947428973039433,0.058329341076373664,0.06780674446288425,8.147058427426614,20.77938630677823,11.219400871825638,0.2241553154659984,0.246664838353899,0.3777123251955802
-0.3924258008316648,0.0,20.0,0.9,0.01,0.01,0.05788470958807561,0.058329341076373664,0.06780674446288425,8.372370077978616,20.77938630677823,11.219400871825638,0.22576155397699157,0.246664838353899,0.3777123251955802
27.42537677968953,0.0,20.0,0.01,0.1,0.1082177012392873,0.06217938888403745,0.057097226826783865,0.06501604554939074,7.790371035946718,21.249277638197313,11.707643367764522,0.22142385419178193,0.24798472704558547,0.3805598018502318
45.78778720869278,0.0,20.0,0.01,0.2,0.1861872028258322,0.06217938888403745,0.05582196107591927,0.06311575079468874,7.790371035946718,21.759164786752788,12.065361207173064,0.22142385419178193,0.24935539134075893,0.38250172700724816
65.90233873782385,0.0,20.0,0.01,0.3,0.2724584114361717,0.06217938888403745,0.05467817012509647,0.06134000048372423,7.790371035946718,22.238364505660744,12.42013819667018,0.22142385419178193,0.2505889880871495,0.38431879260793267
87.72506642034367,0.0,20.0,0.01,0.4,0.3709916581317118,0.06217938888403745,0.05366971146818214,0.05961526262379338,7.790371035946718,22.679252962166018,12.785462158363268,0.22142385419178193,0.25168020312317335,0.38608610310626396
197.55705333904024,0.0,20.0,0.01,0.9,0.9187962143520164,0.06217938888403745,0.050138532684826695,0.05375148874322531,7.790371035946718,24.376268460578142,14.208008908274367,0.22142385419178193,0.2555311351249644,0.39211595012383804
29.395772509688356,0.0,20.0,0.01,0.1247653346366633,0.1,0.06217938888403745,0.05677040887610683,0.06523361592502377,7.790371035946718,21.37759753844557,11.66804559417198,0.22142385419178193,0.2483355381639707,0.38033762482713035
47.80614766007277,0.0,20.0,0.01,0.2063981465460308,0.2,0.06217938888403745,0.05574467231059043,0.06280953942809113,7.790371035946718,21.790876104926348,12.125074524959727,0.22142385419178193,0.24943861856123356,0.3828148903297437
70.14875797500528,0.0,20.0,0.01,0.3137697936590399,0.3,0.06217938888403745,0.054531445888694415,0.06083014349533672,7.790371035946718,22.301411516829024,12.525922839973015,0.22142385419178193,0.25074753875146344,0.38484097402028533
90.65721367917203,0.0,20.0,0.01,0.4026174994879254,0.4,0.06217938888403745,0.05364503815816291,0.05916680413614788,7.790371035946718,22.690265649875627,12.884030870119245,0.22142385419178193,0.2517069451796372,0.3865460533680945
199.47300731716237,0.0,20.0,0.01,0.9261043454272662,0.9,0.06217938888403745,0.05000219960714348,0.053894504210350094,7.790371035946718,24.447074527660966,14.169517238044065,0.22142385419178193,0.2556808530340274,0.3919684344698191
20.4308600377757,90.0,0.0,0.01,0.1189512132472919,0.1,0.0781638585899476,0.04308972894003873,0.03770437980763477,6.190202294374801,28.701266760149156,20.48145586932859,0.2215119847434086,0.2476042841131941,0.37795687370958286
29.921792318906437,90.0,0.0,0.01,0.1701643100102089,0.2,0.0781638585899476,0.042441757674582144,0.03688256945374635,6.190202294374801,29.1813113645004,20.959055220009816,0.2215119847434086,0.24834471801699295,0.37883550785200515
50.853911035975145,90.0,0.0,0.01,0.3214442565952542,0.3,0.0781638585899476,0.04093997882612884,0.036305362461250996,6.190202294374801,30.361916093764687,21.308390630004386,0.2215119847434086,0.250074763106783,0.37945433345153173
58.54218328657098,90.0,0.0,0.01,0.3720151345183279,0.4,0.0781638585899476,0.04053242978898653,0.035864632013258076,6.190202294374801,30.699985191956344,21.583281532925294,0.2215119847434086,0.2505479098654848,0.37992784680487857
122.63964196437465,90.0,0.0,0.01,0.9137793267857967,0.9,0.0781638585899476,0.037611812326909945,0.03453741261201504,6.190202294374801,33.37985343681439,22.45695708958642,0.2215119847434086,0.2539923976040745,0.3813594607142804
1.4798192269032906,90.0,-25.0,0.01,0.1189512132472919,0.1,0.09674792499509963,0.026816626521283426,0.019083792870403897,4.997753447165163,50.50392244784171,43.73432903617801,0.22155047254955793,0.24558385816490066,0.37656469143246496
2.2787704245427145,90.0,-25.0,0.01,0.1701643100102089,0.2,0.09674792499509963,0.026756653673834244,0.01904998511383552,4.997753447165163,50.65999279092375,43.83169431566786,0.22155047254955793,0.24567830740112873,0.37661151880173327
4.208482904155056,90.0,-25.0,0.01,0.3214442565952542,0.3,0.09674792499509963,0.026599886788978372,0.01901669738753147,4.997753447165163,51.07378872950585,43.92805650531956,0.22155047254955793,0.24592669888179255,0.3766577007748541
4.8916398429132,90.0,-25.0,0.01,0.3720151345183279,0.4,0.09674792499509963,0.026552967043509818,0.01898391433029715,4.997753447165163,51.199313579277515,44.02344164232841,0.22155047254955793,0.2460014753366098,0.3767032559556739
10.506588204144833,90.0,-25.0,0.01,0.9137793267857967,0.9,0.09674792499509963,0.026157218711012644,0.0188270792998054,4.997753447165163,52.2904336135009,44.48654708292889,0.22155047254955793,0.24664061174871266,0.37692222376735957
